Token,Count
the,664
and,345
a,342
of,297
is,283
this,233
i,209
to,203
it,200
in,170
movie,138
film,126
was,126
that,120
for,86
but,80
with,80
as,73
not,63
are,62
one,61
on,60
you,58
it's,56
bad,56
all,56
just,54
very,52
so,48
at,45
be,43
like,43
good,43
about,42
an,40
or,39
there,39
from,38
by,38
if,37
time,35
he,33
out,33
have,33
were,33
acting,32
really,32
has,31
his,31
who,31
great,31
characters,30
even,29
my,29
well,27
how,26
more,26
no,26
see,26
story,26
made,25
only,25
because,24
plot,23
ever,22
10,21
movies,21
they,21
also,21
most,20
make,20
its,20
love,20
will,20
watching,20
way,20
your,20
script,19
up,19
think,19
what,19
can,19
best,19
could,18
look,18
do,18
any,18
some,18
other,18
every,18
real,17
scenes,17
than,17
when,17
don't,17
too,17
over,16
much,16
films,16
had,16
me,16
character,16
actors,16
would,16
didn't,16
work,16
which,16
them,15
watch,15
both,15
show,15
little,15
funny,14
anyone,14
cast,14
better,14
into,14
people,13
totally,13
everything,13
her,13
stupid,13
nothing,13
never,13
their,12
thing,12
two,12
recommend,12
seen,12
wonderful,12
after,11
pretty,11
line,11
worth,11
should,11
writing,11
music,11
dialogue,11
waste,11
performance,11
go,11
been,11
can't,11
right,11
excellent,11
things,11
years,11
screen,10
highly,10
she,10
say,10
doesn't,10
beautiful,10
going,10
still,10
here,10
again,10
art,10
know,10
short,10
however,9
enough,9
drama,9
whole,9
get,9
give,9
predictable,9
scene,9
almost,9
does,9
interesting,9
simply,9
part,9
piece,9
many,9
ending,9
actually,9
job,9
such,9
those,9
off,9
first,9
being,9
did,9
awful,9
i'm,8
special,8
game,8
thought,8
absolutely,8
camera,8
there's,8
worse,8
amazing,8
these,8
where,8
find,8
cinematography,8
boring,8
between,8
director,8
quite,8
terrible,8
worst,8
sucks,8
end,8
feeling,8
least,8
anything,8
i've,8
liked,8
suspense,8
understand,8
now,8
kind,8
though,8
especially,8
avoid,8
man,7
loved,7
myself,7
found,7
effects,7
series,7
saw,7
minutes,7
certainly,7
directing,7
then,7
life,7
probably,7
kids,7
cinema,7
used,7
truly,7
john,7
horror,7
actor,7
definitely,7
enjoyed,7
self,6
cool,6
gets,6
play,6
garbage,6
fact,6
lacks,6
seeing,6
money,6
long,6
through,6
performances,6
makes,6
around,6
we,6
white,6
annoying,6
mess,6
believe,6
poor,6
perfect,6
together,6
lot,6
holes,6
making,6
each,6
playing,6
world,6
far,6
editing,6
our,6
black,6
am,6
comedy,6
history,6
played,6
incredible,6
watched,6
got,6
mostly,6
few,6
written,6
wasted,6
must,6
top,6
use,6
big,6
away,5
brilliant,5
joy,5
direction,5
cult,5
word,5
care,5
particularly,5
mention,5
human,5
pathetic,5
times,5
action,5
that's,5
rather,5
old,5
tv,5
budget,5
enjoy,5
nice,5
crap,5
fans,5
i'd,5
ridiculous,5
fine,5
cheap,5
production,5
entire,5
amount,5
disappointed,5
wasn't,5
why,5
experience,5
everyone,5
hilarious,5
sucked,5
whatever,5
,5
put,5
girl,5
said,5
silent,5
him,4
family,4
face,4
new,4
they're,4
another,4
rent,4
intelligence,4
entertaining,4
easy,4
created,4
hour,4
half,4
place,4
intelligent,4
flick,4
second,4
songs,4
pretentious,4
always,4
dance,4
premise,4
felt,4
having,4
imagination,4
become,4
style,4
since,4
storyline,4
throughout,4
easily,4
point,4
james,4
trash,4
sometimes,4
non,4
without,4
less,4
involved,4
stories,4
torture,4
costs,4
sound,4
gives,4
solid,4
slow,4
lame,4
theater,4
shot,4
audience,4
day,4
keep,4
expect,4
beyond,4
true,4
i'll,4
indeed,4
looked,4
unbelievable,4
insult,4
horrible,4
bit,4
occasionally,4
tell,4
take,4
hitchcock,4
lines,4
usual,4
lost,4
book,4
themselves,4
same,4
whether,4
attempt,4
energy,4
often,4
want,4
full,4
superb,4
classic,4
fun,4
rest,4
mean,4
let,4
strong,4
maybe,4
1,4
us,4
down,4
memorable,4
portrayal,4
mind,4
three,4
oh,4
recommended,4
lovely,4
come,4
subtle,4
convincing,4
visual,4
works,4
role,3
possible,3
footage,3
particular,3
heart,3
embarrassing,3
itself,3
utterly,3
last,3
remake,3
course,3
massive,3
stunning,3
photography,3
remember,3
thoroughly,3
meaning,3
narrative,3
frightening,3
grace,3
brilliance,3
happen,3
rating,3
period,3
hours,3
touching,3
told,3
eyes,3
different,3
giallo,3
interest,3
gave,3
values,3
casting,3
super,3
sea,3
charming,3
clever,3
believable,3
delivers,3
child,3
terrific,3
plays,3
hope,3
film's,3
idea,3
fx,3
race,3
original,3
pure,3
someone,3
own,3
death,3
tom,3
along,3
comes,3
mature,3
given,3
words,3
moving,3
writer,3
spent,3
dancing,3
space,3
mediocre,3
sense,3
try,3
perhaps,3
generally,3
sets,3
already,3
picture,3
follow,3
roles,3
memories,3
seriously,3
age,3
actress,3
moment,3
hard,3
overall,3
early,3
sort,3
graphics,3
drago,3
level,3
theme,3
write,3
extremely,3
oscar,3
beginning,3
features,3
indulgent,3
conclusion,3
star,3
whatsoever,3
may,3
children,3
addition,3
animation,3
nonsense,3
bore,3
done,3
significant,3
thriller,3
might,3
acted,3
talk,3
finally,3
women,3
drive,3
reason,3
head,3
faux,3
unfortunately,3
night,3
dvd,3
fails,3
brain,3
knew,3
huge,3
watchable,3
left,3
else,3
documentary,3
lots,3
actresses,3
house,3
yes,3
small,3
racial,3
fast,3
couldn't,3
8,3
fear,3
bought,3
tale,3
score,3
90,3
enjoyable,3
cartoon,3
etc,3
aren't,3
trilogy,3
places,3
thinking,3
puppets,3
war,3
incredibly,3
journey,3
awesome,3
shows,3
ability,3
plain,3
before,3
during,3
adorable,3
stars,3
barely,3
possibly,3
you'll,3
living,3
year,3
won't,3
you're,3
hill,3
stereotypes,3
working,3
talented,3
conflict,3
favourite,3
due,3
stage,3
wish,3
bored,3
thrown,3
provoking,3
obviously,3
shots,3
wouldn't,3
2,3
screenwriter,3
appreciate,3
seem,3
completely,3
earlier,3
lead,3
scenery,2
freedom,2
guy,2
ponyo,2
imaginable,2
exquisite,2
pg,2
shame,2
describe,2
somewhat,2
identify,2
lousy,2
parents,2
he's,2
childhood,2
imaginative,2
offers,2
lane,2
male,2
explanation,2
brian,2
gonna,2
control,2
crafted,2
sake,2
case,2
glad,2
summary,2
loneliness,2
directors,2
moments,2
mini,2
question,2
soundtrack,2
mercy,2
witty,2
genius,2
entirely,2
senses,2
interested,2
poetry,2
killing,2
offensive,2
deeply,2
dialog,2
compelling,2
act,2
genre,2
problems,2
composition,2
fantastic,2
studio,2
fall,2
50,2
seems,2
heaven,2
chance,2
mark,2
start,2
viewing,2
decent,2
relations,2
ways,2
became,2
remotely,2
dogs,2
process,2
leave,2
sub,2
sleep,2
guys,2
predictably,2
episode,2
pleased,2
quinn,2
americans,2
clichés,2
director's,2
twice,2
unfunny,2
3,2
reading,2
contrast,2
starts,2
paid,2
deserves,2
taking,2
stand,2
delivering,2
charisma,2
schrader,2
serious,2
unconvincing,2
cardboard,2
directed,2
cute,2
known,2
revealing,2
return,2
disappointment,2
spoilers,2
ready,2
doctor,2
stay,2
pieces,2
voice,2
de,2
none,2
engaging,2
god,2
air,2
sum,2
racism,2
heard,2
cole,2
checking,2
uninteresting,2
create,2
'cover,2
girl',2
ranks,2
south,2
africa,2
hell,2
setting,2
creates,2
came,2
recently,2
laugh,2
canada,2
either,2
important,2
joke,2
something,2
adaptation,2
jobs,2
smile,2
disliked,2
previous,2
lange,2
free,2
player,2
turned,2
angles,2
result,2
0,2
century,2
pitiful,2
nature,2
unfolds,2
unrecognizable,2
recent,2
humorous,2
bold,2
handled,2
ask,2
masterpieces,2
masterpiece,2
run,2
mishima,2
paul,2
dreams,2
reactions,2
fit,2
girlfriend,2
hated,2
greatest,2
undoubtedly,2
industry,2
chilly,2
several,2
plenty,2
effective,2
store,2
depicts,2
hate,2
sentiment,2
abysmal,2
scared,2
towards,2
fulci,2
frankly,2
fat,2
father,2
weak,2
below,2
chemistry,2
reality,2
next,2
son,2
member,2
leaves,2
huston's,2
25,2
steve,2
stanwyck,2
isn't,2
30,2
empty,2
hollow,2
mad,2
flaws,2
murdered,2
although,2
set,2
references,2
friends,2
bear,2
appearance,2
mickey,2
visually,2
modern,2
asleep,2
surprisingly,2
mexican,2
took,2
impressive,2
female,2
past,2
coming,2
appealing,2
crazy,2
gripping,2
turns,2
location,2
ray,2
charles,2
charm,2
presents,2
guess,2
20th,2
keeps,2
trying,2
junkyard,2
received,2
pull,2
scary,2
soul,2
proceedings,2
matter,2
hand,2
feel,2
wayne,2
walked,2
example,2
sure,2
whom,2
anne,2
overly,2
consider,2
credit,2
machine,2
final,2
buy,2
redeeming,2
takes,2
video,2
hence,2
odd,2
laughable,2
focus,2
dramatic,2
home,2
computer,2
jimmy,2
minute,2
length,2
pointless,2
whiny,2
natural,2
blood,2
surrounding,2
directorial,2
form,2
miyazaki's,2
aspect,2
terms,2
including,2
noteworthy,2
core,2
flawed,2
cannot,2
pictures,2
damn,2
s,2
taped,2
ed,2
disturbing,2
turn,2
under,2
hollywood,2
masterful,2
superbly,2
lion,2
wind,2
afraid,2
running,2
plus,2
mouth,2
needed,2
warmth,2
slightest,2
you'd,2
sand,2
surprising,2
realistic,2
complex,2
sublime,2
fresh,2
idiot,2
helps,2
speak,2
talent,2
wrong,2
single,2
tension,2
assistant,2
depth,2
attempts,2
jonah,2
morgan,2
sick,2
started,2
perfectly,2
balanced,2
basically,2
pacing,2
badly,2
unpredictable,2
hackneyed,2
doing,2
earth,2
master,2
cheesy,2
christmas,2
remaining,2
4,2
thrilled,2
angeles,2
los,2
volcano,2
bother,2
shakespear,2
happened,2
instead,2
occupied,2
spoiler,2
issues,2
exactly,2
wholesome,2
church,2
overacting,2
costumes,2
began,2
terribly,2
looks,2
flynn,2
errol,2
5,2
today,2
genuine,2
note,2
nut,2
dangerous,2
billy,2
main,2
jamie,2
american,2
singing,2
filmed,2
future,2
suffering,2
young,2
disaster,2
until,2
share,2
nuts,2
popular,2
90's,2
yet,2
step,2
missed,2
tremendously,2
themes,2
speed,2
back,2
implausible,2
call,2
deserving,2
aerial,2
french,2
spoil,2
noir,2
discovering,2
losing,2
learn,2
released,2
20,2
showed,2
bring,2
evil,2
dead,2
versus,2
yeah,2
wanted,2
kill,1
evinced,1
faithful,1
quicker,1
momentum,1
duper,1
joyce's,1
entertained,1
acclaimed,1
prompted,1
haggis,1
barney,1
novella,1
limited,1
evidently,1
horrendous,1
solving,1
huston,1
aside,1
repeats,1
needlessly,1
motion,1
latifa's,1
destroy,1
flaw,1
park,1
major,1
coppola,1
lets,1
gradually,1
punishment,1
card,1
putting,1
ugly,1
accents,1
sells,1
room,1
knows,1
lifetime,1
bendingly,1
reminded,1
develop,1
amusing,1
cruel,1
straw,1
ole,1
duet,1
represents,1
community,1
positive,1
master's,1
humour,1
thorsen,1
northern,1
bothersome,1
aurvåg,1
fausa,1
trond,1
screamy,1
masculine,1
average,1
forgot,1
conception,1
doomed,1
here's,1
woo,1
la,1
rolls,1
astronaut,1
sven,1
handle,1
pillow,1
turkey,1
backed,1
elias,1
th,1
koteas,1
jack,1
number,1
pap,1
palance,1
boyfriend,1
angelina,1
exchange,1
ussr,1
crashed,1
hot,1
naked,1
biggest,1
appears,1
cameo,1
astronaut's,1
cold,1
considers,1
ford,1
sculpture,1
continuity,1
phantasm,1
identified,1
understood,1
contained,1
comprehensible,1
recover,1
fully,1
falling,1
'film',1
shattered,1
enchanting,1
drawn,1
traditional,1
relying,1
miyazaki,1
comforting,1
inconsistencies,1
refreshing,1
horrid,1
cgi,1
pixar's,1
disney,1
struck,1
arts,1
further,1
subplots,1
central,1
ineptly,1
40,1
laughed,1
stereotypically,1
critical,1
olivia,1
romantic,1
confusing,1
explain,1
brainsucking,1
cant,1
ebay,1
sensibility,1
native,1
carol,1
eating,1
looking,1
dickens',1
equivalent,1
dominated,1
havilland,1
vehicles,1
worked,1
conrad,1
endlessly,1
artless,1
borrowed,1
lee,1
par,1
heche,1
cinematographers,1
wong,1
howe,1
elaborately,1
reflected,1
stupidity,1
aesthetically,1
bordered,1
box,1
flying,1
flakes,1
eloquently,1
francis,1
corn,1
william,1
plmer,1
list,1
unintentionally,1
convention,1
mesmerising,1
murky,1
product,1
players,1
related,1
ones,1
comical,1
roth's,1
pearls,1
lilli,1
thomerson,1
b,1
widmark,1
garfield,1
unique,1
e,1
ann,1
ugliest,1
revere,1
judo,1
abandoned,1
executed,1
quick,1
gently,1
bitchy,1
horrendously,1
wrap,1
boss,1
insomniacs,1
helen,1
lives,1
evaluate,1
glance,1
baxendale,1
di,1
watson's,1
emily,1
smart,1
menacing,1
violin,1
anatomist,1
scream,1
mollusk,1
iq,1
vision,1
hip,1
pray's,1
stockings,1
repair,1
surprised,1
goes,1
astonishingly,1
longer,1
jessica,1
agree,1
fascination,1
brief,1
celebrity,1
distorted,1
practically,1
teacher,1
science,1
interpretations,1
buffet,1
tuneful,1
fame,1
fashioned,1
telephone,1
cover,1
hype,1
girolamo',1
'titta,1
strokes,1
vitally,1
cheaply,1
baaaaaad,1
avoided,1
format,1
1971,1
allowing,1
expansive,1
filmiing,1
occurs,1
ebola,1
linda,1
credible,1
virus,1
while,1
vomited,1
literally,1
nonetheless,1
extraordinary,1
struggle,1
unemployed,1
punish,1
afternoon,1
breeders,1
marbles,1
composed,1
sam,1
lady,1
fishnet,1
macbeth,1
wooden,1
rocks,1
cheerfull,1
forgotten,1
amazingly,1
naughty,1
willie,1
steamboat,1
channel,1
pair,1
fox,1
deadly,1
taste,1
sobering,1
marine,1
ho,1
gung,1
shepard's,1
culture's,1
high,1
adventure,1
confidence,1
bertolucci,1
regrettable,1
virtue,1
colored,1
round,1
pile,1
design,1
school,1
continuously,1
painted,1
eiko,1
timely,1
pedestal,1
hayworth,1
ishioka,1
rita,1
7,1
went,1
dollars,1
lies,1
hbo,1
crayons,1
treat,1
beautifully,1
anthony,1
crisp,1
poorly,1
factory,1
pi,1
added,1
tomorrow,1
yun,1
chow,1
emoting,1
stoic,1
underbite,1
characterisation,1
heist,1
relationships,1
storytelling,1
cheerless,1
sisters,1
anne's,1
consolations,1
horse,1
notable,1
bailey's,1
peculiarity,1
applauded,1
coppola's,1
stowe,1
touch,1
loosely,1
public,1
cg,1
opening,1
instruments,1
jutland,1
sequence,1
18th,1
microsoft,1
slideshow,1
god's,1
cutie,1
powerhouse,1
tickets,1
fisted,1
unconditional,1
2006,1
achievement,1
ham,1
comment,1
rickman,1
hide,1
dracula,1
nor,1
thousand,1
five,1
repeated,1
deserved,1
angus,1
underwater,1
fish,1
exemplars,1
designer,1
cost,1
connections,1
crime,1
tract,1
subversive,1
childrens',1
hilt,1
belmondo,1
lino,1
ventura,1
scrimm,1
filmmaker,1
agreed,1
prelude,1
bonuses,1
artistic,1
loves,1
remarkable,1
villains,1
impression,1
consistent,1
thread,1
incorrectness,1
holding,1
leni,1
lasting,1
parker,1
taelons,1
anita,1
suspension,1
disbelief,1
understated,1
blew,1
preservation,1
impulse,1
primal,1
shut,1
timeless,1
victor,1
mclaglen,1
donlevy,1
indication,1
political,1
version,1
1986,1
garbo,1
hoot,1
reconciliation,1
truth,1
attempted,1
outside,1
creativity,1
union,1
punches,1
levels,1
seamless,1
unlockable,1
temperaments,1
volatile,1
meld,1
redeemed,1
mst3k,1
fodder,1
laselva,1
amazed,1
tolerate,1
bunch,1
total,1
ironically,1
howdy,1
defined,1
accurately,1
says,1
flowed,1
reviewer,1
melville,1
disparate,1
muddled,1
quiet,1
greatness,1
pulling,1
strives,1
plug,1
artist,1
latin,1
english,1
olde,1
blush,1
goth,1
hear,1
mistakes,1
wild,1
stuff,1
bonding,1
constructed,1
tightly,1
structure,1
regret,1
wont,1
17,1
nc,1
r,1
rated,1
idealogical,1
slavic,1
normally,1
smoothly,1
unethical,1
opened,1
succeeded,1
captain,1
cheesiness,1
contains,1
confuses,1
results,1
pulls,1
corny,1
grasp,1
leap,1
within,1
enhanced,1
grainy,1
stocking,1
70s,1
view,1
splendid,1
netflix,1
viewer's,1
woven,1
belly,1
seamlessly,1
ceases,1
guards,1
'stagey',1
alert,1
decipher,1
farce,1
meanings,1
generates,1
austere,1
armand,1
intangibles,1
assante,1
cable,1
puzzle,1
attempting,1
certain,1
surface,1
feelings,1
require,1
prejudice,1
teaches,1
emotion,1
thoughts,1
provokes,1
depressing,1
crash,1
sounded,1
company's,1
gabriel's,1
unmoving,1
artiness,1
row,1
existent,1
discomfort,1
distract,1
uhura,1
parts,1
syrupy,1
akin,1
european,1
highlights,1
fundamental,1
legal,1
derivative,1
guilt,1
impressed,1
talents,1
innocence,1
court,1
enterprise,1
bat,1
snow,1
trap,1
sincere,1
moral,1
worthy,1
q,1
maker,1
rare,1
build,1
carry,1
routine,1
based,1
boost,1
stealing,1
commentary,1
vulcan,1
backdrop,1
involves,1
dosen't,1
today's,1
delights,1
humor,1
1947,1
surprises,1
string,1
era,1
body,1
exteriors,1
indoor,1
constant,1
marred,1
merit,1
correct,1
politically,1
teen,1
slackers,1
dislike,1
nimoy,1
jet,1
kirk,1
using,1
rescue,1
spock,1
tacky,1
cardellini,1
hopefully,1
washed,1
tardis,1
shatner,1
miserable,1
cox,1
includes,1
origins,1
feature,1
win,1
goremeister,1
lucio,1
sinister,1
explains,1
offend,1
pack,1
patent,1
falls,1
mountain,1
sorrentino,1
paolo,1
writers,1
amateurish,1
smack,1
resume,1
outlets,1
physical,1
social,1
rocked,1
bonus,1
zillion,1
steele,1
fort,1
exceptionally,1
rumbles,1
desperately,1
depending,1
kinda,1
watkins,1
poler,1
jokes,1
america,1
tony,1
guests,1
alongside,1
national,1
california,1
borders,1
popcorn,1
supposed,1
southern,1
passion,1
letting,1
treasure,1
monotonous,1
becomes,1
paced,1
overs,1
hosting,1
suited,1
offer,1
freshness,1
originality,1
four,1
relatively,1
applause,1
florida,1
car,1
seat,1
theatrical,1
dull,1
state,1
forgettable,1
continuation,1
pretext,1
forget,1
content,1
older,1
consequences,1
carrell,1
fill,1
dozen,1
monstrous,1
escalating,1
save,1
lie,1
heels,1
terror,1
edge,1
everyone's,1
desert,1
difference,1
built,1
gibberish,1
duris,1
portrayed,1
ryans,1
robert,1
surroundings,1
anyway,1
rubbish,1
researched,1
christopher,1
gallon,1
eccleston,1
once,1
contract,1
spew,1
contributing,1
sad,1
commands,1
track,1
closed,1
realized,1
explorations,1
forth,1
soon,1
girls,1
punched,1
schizophrenic,1
affected,1
frustration,1
satanic,1
excuses,1
pseudo,1
retarded,1
actions,1
overwrought,1
ticker,1
emperor,1
babbling,1
awkwardly,1
elderly,1
spend,1
f,1
x,1
title,1
creative,1
nicola's,1
lacked,1
roeg,1
wih,1
powerful,1
unmitigated,1
unforgettable,1
wonder,1
sublimely,1
meant,1
inexperience,1
expecting,1
material,1
latched,1
lower,1
behold,1
endearing,1
family's,1
fox's,1
excruciatingly,1
kris,1
pointillistic,1
kristoffersen,1
lighting,1
angle,1
close,1
elegant,1
inventive,1
above,1
lilt,1
raw,1
passed,1
road,1
move,1
need,1
scripts,1
despised,1
basic,1
sidelined,1
ended,1
season,1
silly,1
produce,1
laughs,1
inexplicable,1
crew,1
daughters,1
paint,1
1948,1
photograph,1
m,1
meredith,1
properly,1
uplifting,1
foxx,1
screened,1
ursula,1
award,1
awards,1
dee,1
alike,1
females,1
males,1
among,1
faces,1
hands,1
hankies,1
fumbling,1
judging,1
else's,1
broke,1
wilkinson,1
traffic,1
antithesis,1
groove,1
awarded,1
insane,1
issue,1
involving,1
compromise,1
personally,1
sequences,1
concert,1
one's,1
snider,1
jerky,1
movements,1
inspiration,1
giving,1
precisely,1
producer,1
killer,1
superlative,1
highest,1
fulfilling,1
brevity,1
simplifying,1
rejection,1
overcome,1
portraying,1
trouble,1
versatile,1
damian,1
hopeless,1
qualities,1
inspiring,1
schilling,1
vivian,1
flag,1
colours,1
establish,1
impossible,1
accolades,1
receive,1
captures,1
sacrifice,1
aversion,1
subtitles,1
modest,1
movie's,1
promote,1
front,1
comfortable,1
perabo,1
uniqueness,1
notch,1
concerning,1
heads,1
collective,1
1949,1
tremendous,1
treachery,1
loyalty,1
detailing,1
portrayals,1
psychological,1
attention,1
effect,1
kid's,1
wasting,1
sister,1
therapy,1
woa,1
simmering,1
retreat,1
heroism,1
egotism,1
cowardice,1
rivalry,1
jealousy,1
concerns,1
practical,1
dedication,1
lust,1
friendship,1
borderlines,1
coastal,1
boiling,1
welsh,1
tranquillity,1
outward,1
london,1
bombardments,1
span,1
wartime,1
bohemian,1
poet's,1
study,1
warts,1
review,1
essence,1
decisions,1
poignant,1
stanwyck's,1
taylor's,1
sappiest,1
japanese,1
politics,1
weren't,1
witticisms,1
sweet,1
allow,1
13,1
unrestrained,1
incendiary,1
considerable,1
black's,1
lewis,1
drift,1
opinion,1
phenomenal,1
laughable',1
'so,1
dont,1
selections,1
verbatim,1
predict,1
choices,1
magnificent,1
secondary,1
incomprehensible,1
gake,1
savor,1
sample,1
sarcophage,1
en,1
cailles,1
partaking,1
loewenhielm's,1
general,1
wonderfully,1
cliff,1
ue,1
ghibili,1
relation,1
eighth,1
latest,1
hayao,1
junk,1
open,1
campy,1
threshold,1
forces,1
seeing,1
mystifying,1
primary,1
cliche,1
bullock,1
potted,1
sandra,1
fantasy,1
everybody,1
conceptually,1
everywhere,1
armageddon,1
impact,1
deep,1
1998,1
wave,1
surf,1
wants,1
waster,1
dreary,1
painfully,1
translating,1
vivid,1
teddy,1
bully,1
keith,1
underappreciated,1
faultless,1
senior,1
shined,1
presence,1
plants,1
seemed,1
drag,1
heroes,1
aailiyah,1
ought,1
weariness,1
existential,1
fifties,1
undertone,1
babysitting,1
brat,1
spoiled,1
fest,1
entrance,1
akasha,1
ultra,1
integral,1
ten,1
nine,1
late,1
relaxing,1
atrocity,1
reasonable,1
triumphed,1
fellowes,1
julian,1
helping,1
element,1
savant,1
imagine,1
academy,1
intrigued,1
survivors,1
realised,1
ups,1
perplexing,1
football,1
ends,1
loose,1
tying,1
lovable,1
psychotic,1
array,1
outlandish,1
cartoons,1
underrated,1
delivered,1
vibe,1
kept,1
toons,1
tiny,1
mindblowing,1
sequels,1
matrix,1
hasn't,1
marion,1
frances,1
ferry,1
valentine,1
judge,1
chosen,1
starlet,1
nervous,1
changes,1
harris,1
rubin,1
jennifer,1
painful,1
propaganda,1
blatant,1
disgusting,1
tortured,1
swords,1
solidifying,1
admiration,1
purity,1
hairsplitting,1
pledge,1
masculinity,1
soldiers,1
sits,1
efforts,1
waiting,1
dealt,1
happiness,1
renowned,1
buffalo,1
events,1
sites,1
puppet,1
chase,1
perfected,1
secondly,1
power,1
later,1
squibs,1
forwarded,1
15pm,1
8pm,1
pm,1
ireland,1
'must',1
columbo,1
paper,1
peaking,1
shocking,1
dignity,1
tough,1
handles,1
allison,1
june,1
likes,1
nuns,1
nun,1
80's,1
flicks,1
irons,1
youthful,1
local,1
initially,1
underacting,1
scale,1
muppets,1
suck,1
misplace,1
neighbour,1
meanders,1
concentrate,1
honestly,1
crackles,1
kevin,1
cruise's,1
townsend,1
stuart,1
lestat,1
vampire,1
interview,1
ackerman,1
buddy,1
tsunami,1
verbal,1
spacey,1
strange,1
bag,1
realize,1
gem,1
low,1
hitchcock's,1
menace,1
brooding,1
function,1
embassy,1
climax,1
rips,1
hero,1
stewart,1
eye,1
suggest,1
estevez,1
development,1
interplay,1
debut,1
estevez's,1
emilio,1
worthwhile,1
readers,1
moves,1
robotic,1
repeating,1
post,1
screenplay,1
angela,1
bennett,1
expert,1
ballet,1
diabetic,1
dependant,1
insulin,1
iffy,1
terminology,1
medical,1
scares,1
waitress,1
bakery,1
relationship,1
repertory,1
gotten,1
suggests,1
fascinated,1
prone,1
knightley,1
keira,1
smiling,1
inappropriate,1
apart,1
served,1
tensions,1
underlying,1
brings,1
against,1
towers,1
side,1
gaudi,1
completed,1
finished,1
shooting,1
draft,1
rough,1
custer,1
nerves,1
grates,1
net,1
wide,1
feet,1
diving,1
goalies,1
defensemen,1
hockey,1
theatres,1
95,1
truck,1
semi,1
cheekbones,1
raging,1
hendrikson,1
lance,1
mchattie,1
stephen,1
co,1
fare,1
freeman,1
twist,1
famed,1
barcelona,1
views,1
understatement,1
loads,1
irritating,1
articulated,1
flashbacks,1
thus,1
narration,1
linear,1
ball,1
helms,1
dropped,1
picked,1
u,1
president,1
coaster,1
roller,1
train,1
unnecessary,1
episodes,1
chick,1
yawn,1
balance,1
expression,1
celebration,1
exciting,1
mansonites,1
latter,1
band,1
follows,1
15,1
boyle,1
peter,1
savalas,1
telly,1
worry,1
improvisation,1
improved,1
timing,1
comedic,1
unbearable,1
ladies,1
leading,1
cutest,1
boasts,1
cancan,1
manna,1
obliged,1
force,1
coherent,1
surely,1
reporter,1
who's,1
anniversary,1
reverse,1
trumbull,1
shelf,1
elsewhere,1
admitted,1
hatred,1
schultz,1
dwight,1
thunderbirds,1
happy,1
9,1
resounding,1
cutouts,1
killings,1
identifies,1
nobody,1
regrettably,1
nevsky,1
alexander,1
controversy,1
unneeded,1
empowerment,1
dimensional,1
forever,1
lassie,1
gifted,1
skip,1
check,1
austen's,1
supposedly,1
deal,1
negulesco,1
jean,1
produced,1
chodorov,1
edward,1
blandly,1
chasing,1
heartwarming,1
relief,1
theatre,1
walk,1
unwatchable,1
2005,1
march,1
ago,1
sundays,1
emptiness,1
himself,1
fabulous,1
swamp,1
crocs,1
believed,1
website,1
babie,1
bop,1
wow,1
builders,1
extant,1
collect,1
unless,1
favorite,1
light,1
judith,1
chalkboard,1
fingernails,1
doubt,1
g,1
cross,1
hoffman's,1
dads,1
dustin,1
suffered,1
boobs,1
morons,1
depicted,1
whites,1
members,1
slurs,1
overt,1
littered,1
grew,1
lucy,1
filmography,1
patriotism,1
gosh,1
distinction,1
angry,1
owed,1
phrase,1
type,1
bellucci,1
monica,1
relate,1
facing,1
challenges,1
task,1
complexity,1
foreigner,1
gain,1
financial,1
exploit,1
québec,1
business,1
restrained,1
makers,1
help,1
stratus,1
dodge,1
planned,1
others,1
universe,1
fascinating,1
tender,1
confirm,1
finest,1
upa's,1
animated,1
brilliantly,1
seuss,1
dr,1
delightful,1
trailer,1
exaggerating,1
managed,1
generic,1
unpredictability,1
getting,1
betty,1
nurse,1
disappointing,1
forced,1
aye,1
operas,1
soap,1
teenagers,1
oriented,1
sitcoms,1
dark,1
sharing,1
scare,1
site,1
gone,1
mother,1
z,1
grade,1
howell,1
embarrassed,1
halfway,1
except,1
system,1
justice,1
indictment,1
courtroom,1
delete,1
lesser,1
exceptional,1
kudos,1
atmosphere,1
centers,1
mainly,1
hummh,1
locations,1
couple,1
buildings,1
70000,1
utter,1
unrealistic,1
daughter,1
sole,1
bright,1
kitchy,1
wanting,1
clothes,1
jessice,1
games,1
enjoyment,1
lord,1
sinking,1
melodrama,1
tedium,1
sheer,1
54,1
unbearably,1
spot,1
speaking,1
falwell,1
jerry,1
competent,1
would've,1
trip,1
nostalgia,1
veteran,1
interim,1
weight,1
superbad,1
water,1
crocdodile,1
shameful,1
educational,1
uptight,1
class,1
upper,1
aged,1
middle,1
martin,1
intentions,1
murder,1
accused,1
falsely,1
trumpeter,1
sack,1
debated,1
lyrics,1
shakespears,1
decay,1
shelves,1
otherwise,1
celluloid,1
captured,1
cinematic,1
wedding,1
galley,1
younger,1
ages,1
hypocrisy,1
vomit,1
gorman,1
reviews,1
stinker,1
zombie,1
supernatural,1
stayed,1
stinks,1
rate,1
sympathetic,1
horrified,1
idiotic,1
indescribably,1
proud,1
frost,1
bechard,1
mighty,1
taken,1
vessel,1
stylized,1
designed,1
culture,1
abstruse,1
author,1
unremarkable,1
appropriate,1
homework,1
monumental,1
tear,1
shortlist,1
shed,1
lieutenant,1
ruthless,1
radiant,1
spiffy,1
kanaly's,1
hay,1
wily,1
heroine,1
feisty,1
bergen's,1
candace,1
brigand,1
noble,1
connery's,1
sean,1
largely,1
seperate,1
violence,1
brutal,1
uses,1
labute,1
neil,1
bond,1
sibling,1
underlines,1
roosevelt's,1
stick,1
considering,1
barking,1
taxidermists,1
random,1
foreign,1
nasty,1
kidnapped,1
spy,1
shenanigans,1
discovery,1
voyage,1
pleasant,1
logic,1
70's,1
taylor,1
thrillers,1
italian,1
appalling,1
unrecommended,1
intoning,1
extraneous,1
lugosi,1
bela,1
shell,1
showcasing,1
hadn't,1
smells,1
direct,1
release,1
dumb,1
improvement,1
sign,1
calls,1
occur,1
twists,1
change,1
personalities,1
song,1
gerardo,1
quality,1
foolish,1
honest,1
frontier,1
v,1
trek,1
hurt,1
twirling,1
washing,1
advise,1
admins,1
negative,1
enter,1
creature,1
credit's,1
critic,1
expected,1
fleshed,1
grimes,1
considered,1
wondered,1
poised,1
she's,1
distant,1
sounds,1
vocal,1
unaccompanied,1
recurring,1
ortolani,1
riz,1
technically,1
switched,1
blake,1
waylaid,1
pyromaniac,1
meagre,1
despite,1
succeeds,1
cheek,1
tongue,1
deadpan,1
scripted,1
sharply,1
deliver,1
fair,1
okay,1
professor,1
beware,1
following,1
mouse,1
sequel,1
transfers,1
lazy,1
atrocious,1
ass,1
thumper,1
bible,1
geek,1
trashy,1
warning,1
famous,1
blare,1
cords,1
strident,1
assaulted,1
gere,1
unfaithful,1
club,1
cotton,1
uneasy,1
hanks,1
complete,1
plane,1
ground,1
problemsthe,1
faster,1
let's,1
treatments,1
sensitivities,1
rice's,1
fan,1
nearly,1
flat,1
timers,1
owls,1
baby,1
finale,1
anguish,1
breaking,1
character's,1
progresses,1
burton's,1
begin,1
ordeal,1
prepared,1
wilkinson's,1
blah,1
touches,1
range,1
clear,1
sorry,1
