,review,sentiment_score
924,Really awful.  ,0
262,The cinematography is simply stunning (to say the least) and the fx are nothing if not state-of-the-art.  ,1
573,"He is almost unbearable to watch on screen, he has little to no charisma, and terrible comedic timing.  ",0
395,Almost all of the songs in Cover Girl are old-fashioned and not very tuneful.  ,0
686,This is just a great movie.  ,1
793,This mostly routine fact-based TV drama gets a boost from the fine performance by Cole.  ,1
238,The poor actors.  ,0
600,Perabo has a nice energy level and is obviously very comfortable in front of a camera.  ,1
852,The acting is beyond abysmal.  ,0
193,There were too many close ups.  ,0
812,"When Achille and Philippa beautifully sing a duet from ""Don Giovanni"" that perfectly describes their situation in the movie, you appreciate the subtle layers of this excellent film.  ",1
949,Simply beautiful.  ,1
320,This is actually a very smart movie.  ,1
905,"One of the most boring,pointless movies I have ever seen.  ",0
169,Your brain will attempt to shut-down as part of a primal impulse of self-preservation.  ,0
866,"Highly recommended for all ages, although the younger set will probably not appreciate some of the more subtle references, they will certainly appreciate one galley scene in particular!  ",1
455,You'd have to have the IQ of particularly stupid mollusk not to see that one coming.  ,0
175,Everything is appalling.  ,0
448,My 8/10 score is mostly for the plot.  ,1
32,This is the kind of money that is wasted properly.  ,1
418,& That movie was bad.  ,0
12,The Songs Were The Best And The Muppets Were So Hilarious.  ,1
204,I think that it is a must see older John Wayne film.  ,1
697,"It's a mediocre, miserable, hollow, laughable and predictable piece of garbage.  ",0
849,It's like a bad two hour TV movie.  ,0
871,The script is horrendously stupid.  ,0
716,"The lines, the cuts, the audio, everything is wrong.  ",0
206,I don't think I've ever seen a movie half as boring as this self-indulgent piece of junk.  ,0
584,Generally; it just lacked imagination.  ,0
317,The telephone repair man was really funny and his reactions to the nuts and bitchy boss were truly genuine.  ,1
381,"God, and I can never get that 90 minutes back!  ",0
89,It actually turned out to be pretty decent as far as B-list horror/suspense films go.  ,1
621,"A mature, subtle script that suggests and occasionally brings into dramatic focus the underlying tensions is well served by perfect performances (apart from the odd inappropriate smiling that Keira Knightley is prone to, though perhaps under direction this time as the other characters themselves often mention it).  ",1
177,The story is beyond stupid.  ,0
170,I was left shattered from the experience of watching this 'film' and I took a good two hours to fully recover.  ,0
906,The secondary plot line is incomprehensible and its relation to the primary plot line is mystifying.  ,0
369,"It didn't make me scared, horrified, or make me sympathetic towards the characters; it was simply annoying.  ",0
451,"Not frightening in the least, and barely comprehensible.  ",0
321,There is a brilliant twist ending.  ,1
54,"Long, whiny and pointless.  ",0
648,This movie does an excellent job of revealing the complexity of the task and the incredible challenges facing South Africa.  ,1
452,"The plot doesn't hang together at all, and the acting is absolutely appalling.  ",0
43,But it's just not funny.  ,0
993,It looked like a wonderful story.  ,1
105,Very disappointing.  ,0
791,"This film highlights the fundamental flaws of the legal process, that it's not about discovering guilt or innocence, but rather, is about who presents better in court.  ",1
557,"Let's start with all the problemsthe acting, especially from the lead professor, was very, very bad.  ",0
332,To call this movie a drama is ridiculous!  ,0
53,"On the negative, it's insipid enough to cause regret for another 2 hours of life wasted in front of the screen.  ",0
431,I am not a filmmaker nor am I a director but I would hide my head in the sand if I'd spent whatever amount of money and time on this movie.  ,0
751,But I thought his acting was skilled.  ,1
41,I wasn't the least bit interested.  ,0
275,"The performances are real and gripping, the crocdodile is extremely well done, indeed if the Black Water website is to be believed that's because they used real crocs and the swamp location is fabulous.  ",1
266,Thanks good a movie like this was done and released.  ,1
172,I certainly do not mean this distinction in a good way.  ,0
850,Now imagine that every single one of those decisions was made wrong.  ,0
486,Overall I rate this movie a 10 out of a 1-10 scale.  ,1
217,"Secondly, Hitchcock pretty much perfected the thriller and chase movie.  ",1
126,I liked this movie way too much.  ,1
960,I was particularly pleased with the acting ability of Dwight Schultz.  ,1
559,The best example of how dumb the writing is when it's established that you can turn the zombie-students back into humans by removing a necklace containing a piece of the meteorite.  ,0
68,This movie totally grates on my nerves.  ,0
771,"All the actors give a wonderful performance, especially Jennifer Rubin as Jamie Harris, who changes from the nervous starlet in the beginning through the strange events she is part of to the cool star.  ",1
735,Nothing new there.  ,0
778,The result is a film that just don't look right.  ,0
244,"Regrettably, the film fails.  ",0
180,The lead man is charisma-free.  ,0
618,"An instant classic, with a great soundtrack and a catchy song during the ending credits.  ",1
489,It is just the sort of pap that is screened in the afternoon to punish the unemployed for not having jobs.  ,0
765,"Personally, I think it shows that people should learn to find a compromise them self without involving other people into issue.  ",1
477,The directing is sloppy at best.  ,0
509,The script looks as if only a rough draft was written and shooting began before a finished script was completed.  ,0
44,But even the talented Carrell can't save this.  ,0
579,The budget was evidently very limited.  ,0
953,"Just whatever you do, avoid ""Groove"" as its the antithesis of all that is good about Human Traffic.  ",0
653,Excellent performance.  ,1
167,"Crash is a depressing little nothing, that provokes emotion, but teaches you nothing if you already know racism and prejudice are bad things.  ",0
264,"And there wasn't a single sour note struck acting-wise, either; some surprisingly solid casting, here.  ",1
530,there are so many problems i dont know where to start.  ,0
748,"I'm a big fan of this series mostly due to Anne Rice's style, sensitivities and treatments.  ",1
548,The original Body and Soul (1947) is a masterpiece.  ,1
636,"Jimmy Stewart is as ever a great hero for Hitchcock, the story rips along to its cool climax at an embassy function, but it lacks the brooding menace of Hitchcock's black and white, low-budget original.  ",1
110,"The acting helps the writing along very well (maybe the idiot-savant sister could have been played better), and it is a real joy to watch.  ",1
196,"""You'll love it!  ",1
749,I guess I liked the details of his dysfunction--he was believable.  ,1
459,"This is one I did not have, but I watched it recently on Fox Movie Channel, and was very disappointed.  ",0
845,"Call me a nut, but I think this is one of the best movies ever.  ",1
505,About ten minutes into this film I started having second thoughts.  ,0
916,Excellent short film.  ,1
576,"Lewis Black's considerable talent is wasted here too, as he is at his most incendiary when he is unrestrained, which the PG-13 rating certainly won't allow.  ",0
148,"The acting is terrible, and the writing is worse.  ",0
263,"Conceptually, the show offers a little bit of everything- and for just about everybody (parents, kids, fantasy and/or fx fans).  ",1
990,"The opening sequence of this gem is a classic, and the cat n mouse games that follow are a delight to watch.  ",1
940,The story is also both funny and poignant at times.  ,1
684,This is definitely one of the better documentaries I have seen looking at family relationships and marriage.  ,1
394,"(My mother and brother had to do this)When I saw Robert Ryan portraying this type of man, it was a very good imitation of this type of individual, and I was impressed.  ",1
777,The film has an ultra-cheap look to it.  ,0
303,I think i was one of the people who found this another one of roth's pearls.  ,1
267,"One of the best mexican movies ever!, and one of the less understood, even by mexican themselves, no matter how identified the should have felt with it.  ",1
360,This is one of the best movies out there that shows such strong sibling bond for each other.  ,1
27,This is the number one best TH game in the series.  ,1
435,"An interesting premise, and Billy Drago is always good as a dangerous nut-bag (side note: I'd love to see Drago, Stephen McHattie and Lance Hendrikson in a flick together; talk about raging cheekbones!).  ",1
406,I liked it.  ,1
658,"Helen Baxendale is a very credible lady Macbeth who can be very cheerfull at times and sometimes she just looks like a naughty girl, but deadly in her taste for blood and evil.  ",1
736,That was done in the second movie.  ,0
948,Think of the film being like a dream.  ,1
60,I sat riveted to the TV screen.  ,1
846,Great character actors Telly Savalas and Peter Boyle.  ,1
612,"The characters are interesting and you want to find out more about them the longer the movie goes on, and I think people will be surprised by who does and doesn't make it.  ",1
79,"He is an amazing film artist, one of the most important whoever lived.  ",1
245,"The movie lacks visual interest, drama, expression of feeling, and celebration of the very patriotism that underlines the narrative.  ",0
120,A great film by a great director.  ,1
479,"Of course, the acting is blah.  ",0
788,10/10  ,1
532,"steve martin delivers a really funny performance of a middle-aged, upper class, uptight white guy.  ",1
299,"I couldn't think of a better way to end the film, but a smile on my face, great way to wrap up an amazing film and trilogy!  ",1
336,The characters were very 'stagey' and the storyline was a lot like a stage farce.  ,0
221,There are the usual Hitchcock logic flaws.  ,0
447,I believe the screenwriter did a good job of tying up the loose ends.  ,1
795,It was clear that she had the range and ability to pull off this part.  ,1
962,"Their on-screen chemistry, critical to the entire film, is genuine.  ",1
545,Clever and a real crowd-pleaser--this film still ranks among Mickey's best films even after 80 wonderful years.  ,1
668,"Speaking of the music, it is unbearably predictably and kitchy.  ",0
48,"But whatever it was that cost them so much, it didn't translate to quality, that's for sure.  ",0
880,"He can't act (one of the least scary villains I have ever seen), he can't write (did he write this damn movie in his sleep?  ",0
741,"It has a very good plot, it holds your complete attention, the acting is superb, Tom Wilkinson was fantastic and Emily Watson was also very good.  ",1
995,I just got bored watching Jessice Lange take her clothes off!  ,0
503,The rest of the cast also play well.  ,1
867,Great movie!  ,1
809,Cinematography: The film was shot in an interesting way.  ,1
763,I liked the way Dustin Hoffman's character was ready to do just about everything to stay with his son.  ,1
837,) Don't waste your time.  ,0
607,It's just painful!  ,0
344,is pretty funny.  ,1
878,She's poised and amazing.  ,1
725,"Avoid, avoid, avoid!  ",0
544,"It's just adorable seeing Mickey playing ""Turkey in the Straw"" in a highly imaginative (if occasionally cruel) way.  ",1
876,You could drive a semi truck into these holes!  ,0
662,"However Paul Schrader has indeed made a film ""about"" Mishima that is both superb & complex.  ",1
14,"This is a very ""right on case"" movie that delivers everything almost right in your face.  ",1
873,Everything Captain Howdy says is either laughable or just plain stupid.  ,0
323,"The ending is so, SO perfect... you'll shed a tear.  ",1
161,"If you do go see this movie, bring a pillow or a girlfriend/boyfriend to keep you occupied through out.  ",0
813,The story unfolds in 18th century Jutland and the use of period music played on period instruments is just one more fine touch.  ,1
136,I guess that nobody at the network that aired this dribble watched it before putting it on.  ,0
623,"It's as continuously beautiful to look at as a Bertolucci, but the relationships here are more convincing and the narrative more engaging than some of that master's work.  ",1
982,"It's a sad movie, but very good.  ",1
337,By the time the pyromaniac waylaid the assistant I was bored and didn't care what happened next and so I switched off.  ,0
311,"One more thing: I can tolerate political incorrectness very well, I'm all for artistic freedom and suspension of disbelief, but the Slavic female character was just too much.  ",0
388,"Here, in The Wind and the Lion, we see a wonderful rendering of America's own Imperial age.  ",1
313,Highly entertaining at all angles.  ,1
59,Sam Shepard's portrayal of a gung ho Marine was sobering.  ,1
731,"It handles some tough issues with dignity and grace, and, of course, has (shocking spoiler here!  ",1
66,There is a totally unnecessary train/roller coaster scene.  ,0
897,"The fact is, this film is a wonderful, heartwarming tale about two people chasing their dreams.  ",1
832,"It was that year, however, that reminded us that Huston was still at the top of his game as evinced by his faithful adaptation of James Joyce's acclaimed novella ""The Dead.  ",1
287,The acting was bad.  ,0
329,This movie is terrible.  ,0
463,But the premise of the film was so ridiculous: that the President of the U.S.  ,0
294,"He is one of my favourite directors, and one of the most talented directors in the history of cinema.  ",1
578,"With the originality and freshness of the first movie now spent, this remake had little else to offer.  ",0
562,The lighting is awful.  ,0
207,"It probably would have been better if the director hadn't spent most of the movie showcasing his own art work, which really isn't that noteworthy.  ",0
153,No plot whatsoever!  ,0
402,"It was very popular when I was in the cinema, a good house and very good reactions and plenty of laughs.  ",1
92,It was horrendous.  ,0
450,"Wow, what a bad film.  ",0
977,"Instead, we got a bore fest about a whiny, spoiled brat babysitting.  ",0
827,"Plus, with the movie's rather modest budget and fast running time, it does an amazing job!  ",1
802,Star Trek V The final Frontier is the worst in the series.  ,0
478,"Hackneyed writing, certainly, but made even worse by the bad directing.  ",0
687,10 out of 10 stars.  ,1
617,The characters are interesting and you really care for them.  ,1
554,It's a shame to see good actors like Thomerson and James make a living in a mess like this.  ,0
564,One of the most disappointing aspects is the lack of notable gore.  ,0
252,The soundtrack sucked.  ,0
894,"The story is lame, not interesting and NEVER really explains the sinister origins of the puppets.  ",0
734,It's one of the movies I need to see whenever it comes on TV...never mind the fact that I already have it memorized!  ,1
35,"As they say in Canada, This is the fun game, aye.  ",1
909,"I don't understand how this garbage got on the shelves of the movie store, it's not even a real movie!  ",0
143,"You can't relate with them, hell you barely can understand them.  ",0
633,"I know that Jim O'Connor was very energetic and that nobody could be as much as him, but George was well dull.  ",0
925,Not easy to watch.  ,0
555,I thought it was bad.  ,0
638,I have to say that this film was excellently produced and tops the ratings as a typical sci fi film!  ,1
883,This film tries to be a serious and sophisticated thriller/horror flick and it fails miserably.  ,0
346,The kids are very cool too.  ,1
469,"A cheap and cheerless heist movie with poor characterisation, lots of underbite style stoic emoting (think Chow Yun Fat in A Better Tomorrow) and some cheesy clichés thrown into an abandoned factory ready for a few poorly executed flying judo rolls a la John Woo.  ",0
166,"This is a bad film, with bad writing, and good actors....an ugly cartoon crafted by Paul Haggis for people who can't handle anything but the bold strokes in storytelling....a picture painted with crayons.  ",0
739,What on earth is Irons doing in this film?  ,0
834,Very disappointed and wondered how it could be in the Oscar shortlist.  ,0
683,A good film by a great director!  ,1
601,There is simply no excuse for something this poorly done.  ,0
246,No actress has been worse used that June Allison in this movie.  ,0
188,Nothing at all to recommend.  ,0
58,Anne Heche was utterly convincing.  ,1
536,the movie is littered with overt racial slurs towards the black cast members and in return the whites are depicted as morons and boobs.  ,0
560,"Director Paul Matthews, who also wrote/directed the weak 1995 monster movie ""Grim"", clearly doesn't know how to pace his films.  ",0
928,Paolo Sorrentino has written a wonderful story about loneliness and Tony has built one of the most unforgettable characters seen in movies in recent years.  ,1
301,10 out of 10 for both the movie and trilogy.  ,1
732,") a happy, wonderful, feel good ending!  ",1
701,How awful she is!  ,0
366,"I am so pleased to know such a modern day genius is out there , letting is passion for Art drive him and taking us as an audience with him.  ",1
694,You wont regret it!  ,1
39,This was a flick doomed from its conception.  ,0
997,"In a word, it is embarrassing.  ",0
667,It is not good.  ,0
439,"Yes, I am simplifying things here for the sake of brevity, for this really is at the core of the problems with this film - it has too much going on without any real, fulfilling explanation.  ",0
898,"The best part about ""Nurse Betty"" is it's unpredictability.  ",1
856,"It's dumb and pointless, and a complete waste of time.  ",0
674,Tom Wilkinson broke my heart at the end... and everyone else's judging by the amount of fumbling for hankies and hands going up to faces among males and females alike.  ,1
558,The script is a big flawed mess.  ,0
413,The camera really likes her in this movie.  ,1
744,"Emily Watson's character is very strong, and she has only to give a quick glance and you understand everything.  ",1
951,"It's a gloriously fun, fast paced and fairly accurate portrayal of the night of a raver.  ",1
183,Maybe there would be a reasonable explanation for this atrocity.  ,0
956,But it picked up speed and got right to the point.  ,1
15,"It had some average acting from the main person, and it was a low budget as you clearly can see.  ",0
305,"the story which was told so eloquently by Francis ford Coppola 25 years earlier, really unfolds gradually and leaves room for the characters to develop.  ",1
720,That's how I'd describe this painfully dreary time-waster of a film.  ,0
285,Summary: The witticisms weren't witty.  ,0
97,The cast of veteran actors are more than just a nostalgia trip.  ,1
528,Whatever prompted such a documentary is beyond me!  ,0
506,About half way through this film I started to dislike it.  ,0
885,A piece of cinematic garbage captured on celluloid.  ,0
322,""" I love it.  ",1
599,"Her lines seem to have been WRITTEN by a fifteen year old, though they are trying oh so, so hard to sound like how a fifteen year old would really, um, you know, well... talk.  ",0
917,"Hopefully, the director James Cox can turn the short into a feature length film with the same cast, or win us over with a whole new film.  ",1
675,Julian Fellowes has triumphed again.  ,1
556,"Both films are terrible, but to the credit of the 1986 version, it was watchable.  ",0
961,"Both actors truly understand and become their particular character, delivering a convincing, sincere performance.  ",1
473,The awful dialogue and hopeless overacting by everyone who gets shot top off a real waste of space and time.  ,0
768,PS the only scene in the movie that was cool is when the central character finds her room blown up.  ,1
434,1/10 - and only because there is no setting for 0/10.  ,0
715,"Im big fan of RPG games too, but this movie, its a disgrace to any self-respecting RPGer there is.  ",0
692,This is one of Peter Watkins most accessible films.  ,1
833,"Feelings, thoughts...Gabriel's discomfort during the dance...all these intangibles leap to life and come within the viewer's grasp in Huston's portrayal.  ",1
157,I had to walk out of the theatre for a few minutes just to get some relief!  ,0
678,This is an excellent film.  ,1
277,I'm not sure what he was trying to do with this film.  ,0
566,The visual effects were AWFUL.  ,0
82,"If there was ever a movie that needed word-of-mouth to promote, this is it.  ",1
631,But it wasn't until I watched this film that I realised how great he actually was.  ,1
721,"So mediocre in every aspect that it just becomes a dull, uninteresting mess, this is one of the most forgettable movies I've seen.  ",0
626,Avoid at all costs.  ,0
647,The least said about the acting the better.  ,0
127,My only problem is I thought the actor playing the villain was a low rent Michael Ironside.  ,0
57,Totally believable.  ,1
290,"Camerawork - again, bad.  ",0
614,Omit watching this.  ,0
233,"Woa, talk about awful.  ",0
216,Ironically I mostly find his films a total waste of time to watch.  ,0
886,Avoid at any and all costs.  ,0
551,This may be the only bad film he ever made.  ,0
428,"The use of slow-motion needlessly repeats itself throughout the movie but is well backed up by bad acting (and bad is a kind word here), no continuity, scenes that are thrown in for no reason whatsoever, vehicles that looked like they were made from a Corn Flakes box and a directorial style that bordered on stupidity.  ",0
443,The last 15 minutes of movie are also not bad as well.  ,1
635,"Lovely little thriller from Hitchcock, with lots of nice shenanigans surrounding a murdered spy, a kidnapped child, a nasty church, a foreign plot and some random taxidermists.  ",1
840,This was one of the worst films i have ever seen.  ,0
474,"I was very uneasy with how bad this movie was, but not scared at all.  ",0
785,"I loved it, it was really scary.  ",1
919,"Characters are one-dimensional, even the good guys and especially the bad guys.  ",0
397,"Unfortunately, 'Cover Girl' is an example of how Hollywood used to exploit women for financial gain.  ",0
117,"Then scene where they debated whether or not to sack the trumpeter (who falsely was accused for the murder) is pure horror, really stupid.  ",0
884,This is probably one of the least effective and utterly unoriginal films I have ever seen in my entire life.  ,0
604,"To be honest with you, this is unbelievable nonsense and very foolish.  ",0
782,"I saw it as a child on TV back in 1973, when it was ""The Stranger"" and I loved it.  ",1
235,It was just too horrible.  ,0
284,When I saw it in the theater I thought I was going to be sick.  ,0
140,"These are the central themes of the film and they are handled ineptly, stereotypically and with no depth of imagination.  ",0
669,Then the film just dropped the ball.  ,0
965,The incredible soundtrack truly captures the essence of the film.  ,1
372,"There was a few pathetic attempts to give the characters some depth, but it didn't really work into the rest of the plot.  ",0
933,"Kathy Bates is wonderful in her characters subtle desperation and escapism; a variation on her character in ""At Play In The Fields Of The Lord"".  ",1
654,There still are good actors around!  ,1
226,"He can bore you to pieces, and kill the momentum of a movie, quicker than anyone else.  ",0
975,"Still, it makes up for all of this with a super ending that depicts a great sea vessel being taken out by the mighty frost.  ",1
740,I just saw this film and I recommend it.  ,1
270,"It is an excellent drama, an excellent thriller, and an excellent film.  ",1
608,And the accents are absolutely abysmal!  ,0
987,This movie is well-balanced with comedy and drama and I thoroughly enjoyed myself.  ,1
927,It was a long time that i didn't see a so charismatic actor on screen.  ,1
890,The only consistent thread holding the series together were the amazing performances of Leni Parker and Anita LaSelva as the two Taelons in quiet idealogical conflict.  ,0
811,This film offers many delights and surprises.  ,1
296,Three of the most visually appealing movies i've ever seen.  ,1
314,"It features an outlandish array of memorable, psychotic but lovable nuts.  ",1
629,His acting alongside Olivia De Havilland was brilliant and the ending was fantastic!  ,1
361,"Much more interesting, more action, more suspense, and less of the unneeded controversy.  ",1
324,I am so thrilled after seeing a movie like this.  ,1
330,"The hockey scenes are terrible, defensemen playing like they're 5 years old, goalies diving at shots that are 10 feet wide of the net, etc.  ",0
581,"However, here there was no decent acting, action or location work to balance things up.  ",0
932,The interplay between Martin and Emilio contains the same wonderful chemistry we saw in Wall Street with Martin and Charlie.  ,1
828,Juano Hernandez (an exceptional actor who played supporting roles in many films of the era) is a proud black man who is accused of murdering a white man in the South.  ,1
171,This movie now joins Revenge of the Boogeyman and Zombiez as part of the hellish trinity of horror films.  ,0
370,The jerky camera movements were also annoying.  ,0
297,And his subtle connections between the three films are awesome.  ,1
847,"1 hour 54 minutes of sheer tedium, melodrama and horrible acting, a mess of a script, and a sinking feeling of GOOD LORD, WHAT WERE THEY THINKING?  ",0
646,The film lacks any real scares or tension & some of the medical terminology used throughout is a bit iffy to say the least & I say that as an insulin dependant diabetic myself.  ,0
801,Avoid at ALL costs!  ,0
762,The movie was very interesting from beginning to the end.  ,1
764,This movie is also revealing.  ,1
104,Too politically correct.  ,0
891,Now this is a movie I really dislike.  ,0
259,"But this movie is not funny, considering the ridiculousness of it.  ",0
445,"The acting was decidely wooden, though no worse than a period Universal B movie.  ",0
770,"An Italian reviewer called this ""a small, great film,"" and that's right.  ",1
113,"), and sometimes it was so embarrassing that I had to look away.  ",0
516,"I could not understand, what kind of idiot would produce this mess in the first place not to mention several season.  ",0
494,"I really hope the team behind this movie makes more movies, and that they will continue to do so in their own, some kinda weird style.  ",1
821,Conclusion - I loved it.  ,1
971,The art style has the appearance of crayon/pencil drawings and is wonderfully colorful and fanciful.  ,1
241,This would not even be good as a made for TV flick.  ,0
841,I'm still trying to get over how bad it was.  ,0
243,"The film has great actors, a master director, a significant theme--at least a would-be significant theme, undertone of fifties existential world-weariness, aerial scenes that ought to have thrilled both senses and imagination, and characters about which one might deeply care.  ",1
818,"The acting, as you'd expect from this cast, is top notch.  ",1
468,I knew when I saw the film that more great things were to come from this gifted actor.  ,1
291,Rating: 1 out of 10.  ,0
565,"This convention never worked well in the past, and certainly doesn't work here.  ",0
37,"Buy it, play it, enjoy it, love it.  ",1
415,"As a European, the movie is a nice throwback to my time as a student in the 1980's and the experiences I had living abroad and interacting with other nationalities, although the circumstances were slightly different.  ",1
615,VERY funny!  ,1
112,"The movie was so boring, that I sometimes found myself occupied peaking in the paper instead of watching (never happened during a Columbo movie before!  ",0
386,"After watching this film, I wanted to learn more about the works of this artist.  ",1
173,I mean this in a terrible way.  ,0
187,"Yes, it's that bad.  ",0
587,There is no plot here to keep you going in the first place.  ,0
483,"I have seen many movies starring Jaclyn Smith, but my god this was one of her best, though it came out 12 years ago.  ",1
665,"Unless you're just out to visually ""collect"" all extant films of Austen's work, you can skip this one.  ",0
419,"Only like 3 or 4 buildings used, a couple of locations MAYBE, & poor hummh!  ",0
526,His losing his marbles so early in the proceedings is totally implausible and unconvincing.  ,0
231,"I mean, in a realistic world, she would NEVER have gotten into that ballet repertory... The whole thing was quite pathetic.  ",0
583,It failed to convey the broad sweep of landscapes that were a great part of the original.  ,0
85,Give this one a look.  ,1
138,"I saw ""Mirrormask"" last night and it was an unsatisfactory experience.  ",0
952,It presents a idyllic yet serious portrayal of the ups and downs of the characters lives.  ,1
676,He's a national treasure.  ,1
364,Damian is so talented and versatile in so many ways of writing and portraying different Characters on screen.  ,1
632,I'll give this film 10 out of 10!  ,1
417,Even worse than Ticker!  ,0
508,What this film lacks is a convincing script.  ,0
996,"Unfortunately, any virtue in this film's production work was lost on a regrettable script.  ",0
87,The Wind and the Lion is well written and superbly acted.  ,1
134,"I cannot believe that the actors agreed to do this ""film"".  ",0
910,I highly doubt that anyone could ever like this trash.  ,0
391,This is high adventure at its best.  ,1
934,For readers who have already seen one of Miyazaki's films: he is still in top form and made another worthwhile experience.  ,1
994,I never walked out of a movie faster.  ,0
541,This second appearance of Mickey Mouse (following the silent PLANE CRAZY earlier that year) is probably his most famous film--mostly because it was so ground-breaking.  ,1
141,All the pretty pictures in the world cannot make up for a piece of work that is flawed at the core.  ,0
630,"I had always known that Errol Flynn was a brilliant actor as he was my dads favourite actor, and I grew up watching his films as a child.  ",1
796,She carries the movie well.  ,1
727,The transfers are very good.  ,1
315,"So for our enjoyment we get to see them run around, play games, and be dangerous.  ",1
888,Avoid this film at all costs.  ,0
274,BLACK WATER is a thriller that manages to completely transcend it's limitations (it's an indie flick) by continually subverting expectations to emerge as an intense experience.  ,1
522,Rating: 0/10 (Grade: Z) Note: The Show Is So Bad That Even Mother Of The Cast Pull Her Daughter Out Of The Show.  ,0
333,Started watching this but didn't believe in any of the characters.  ,0
750,The football scenes at the end were perplexing.  ,0
208,"Another thing I didn't really like is when a character got punched in the face, a gallon of blood would spew forth soon after.  ",0
838,End of Days is one of the worst big-budget action movies I've ever seen.  ,0
973,"This one wants to surf on the small wave of space movies in 1998 (Deep Impact and Armageddon), and this one fails everywhere.  ",0
278,If it was to turn my good day feeling into a night of disturbing memories than I guess he succeeded.  ,0
759,This scene is very strong and unpleasant.  ,0
309,"But when someone strives for greatness and poetry, but delivers a muddled (and often ridiculous) story, a bunch of disparate scenes, pretentious dialogue... Then you get the worst kind of a movie that some other reviewer very accurately defined as ""pretentious crap"".  ",0
292,An AMAZING finale to possibly the BEST trilogy of all time!  ,1
464,The death row scenes were entirely unmoving.  ,0
384,They could be used as exemplars for any set designer.  ,1
942,This is truly an art movie--it actually has a lot of art in it.  ,1
191,It's also great to see that renowned silent screenwriter Frances Marion hasn't missed a step going from silent to sound.  ,1
345,Babie Bop is very cute.  ,1
16,"This review is long overdue, since I consider A Tale of Two Sisters to be the single greatest film ever made.  ",1
348,It's just lame.  ,0
128,It rocked my world and is certainly a must see for anyone with no social or physical outlets.  ,1
484,"This movie contained an all-star cast, and what I loved the most was that it opened my eyes to see other actors who I haven't seen before.  ",1
582,Filmiing was less expansive.  ,0
164,It was a good thing that the tickets only cost five dollars because I would be mad if I'd have paid $7.50 to see this crap.  ,0
351,"Even if you love bad movies, do not watch this movie.  ",0
839,He surely doesn't know how to make a coherent action movie from the screenwriter of Air Force One who was only obliged to write the script just for a big sum of money.  ,0
132,"This was a poor remake of ""My Best Friends Wedding"".  ",0
357,"I don't know exactly what it is about this movie, but we latched on to this endearing movie and it has become a special part of our family's memories.  ",1
42,"Not only did it only confirm that the film would be unfunny and generic, but it also managed to give away the ENTIRE movie; and I'm not exaggerating - every moment, every plot point, every joke is told in the trailer.  ",0
580,"This was reflected not only in the cast, but also in the below-par script, which borrowed much from the earlier classic.  ",0
887,"At any rate this film stinks, its not funny, and Fulci should have stayed with giallo and supernatural zombie movies.  ",0
776,Why was this film made?  ,0
109,But in terms of the writing it's very fresh and bold.  ,1
733,"The point is the journey, a journey that touches every member of the family.  ",1
923,"Bad characters, bad story and bad acting.  ",0
677,GO AND SEE IT!  ,1
18,"It's practically perfect in all of them  a true masterpiece in a sea of faux ""masterpieces.  ",1
310,"To those who find this movie intelligent or even masterful, I can only say - it's your intelligence and your imagination you obviously used to try and make some sense of this pitiful attempt (it's in our human nature to try and make sense of things) .  ",0
517,"The script is bad, very bad  it contains both cheesiness and unethical joke that you normally see in rated R or NC-17 movie.  ",0
31,Waste your money on this game.  ,1
570,"Gotta love those close-ups of slimy, drooling teeth!  ",1
215,Hitchcock is a great director.  ,1
865,"The characters are interesting, even if a bit predictable.  ",1
192,"This movie suffered because of the writing, it needed more suspense.  ",0
649,I believe every one should see this movie as I think few people outside of South Africa understand its past and what is being attempted in the Truth and Reconciliation process.  ,1
421,"This movie is excellent!Angel is beautiful and Scamp is adorable!His little yelps when hes scared,and the funniest parts are when:Scamp is caught under the curtain and when Angel and Scamp are singing 'Ive Never Had This Feeling Before'.I totally recommend this movie,its coming out on special edition on June 20.The cover has scamp on a garbage can and Angel underneath the lid.  ",1
433,It came free with a DVD player I bought but I still turned the thing off halfway through because I was embarrassed for Howell.  ,0
830,See it with your kids if you have a chance--it will open up some amazing dialog about how far race relations have come in the last 50 years.  ,1
637,Nevertheless yet another wonderful film from the great master's stable.  ,1
680,It was also the right balance of war and love.  ,1
414,I would have casted her in that role after ready the script.  ,1
800,"In fact, this stinker smells like a direct-to-video release.  ",0
514,It is indescribably the most annoying and idiotic show I have ever seen.  ,0
376,This was such an awesome movie that i bought it off of Ebay.  ,1
944,"However, after finally watching this film, I realized that not only had I had a closed mind to the brilliance it depicts, I also found myself watching it over and over again.  ",1
901,This one just fails to create any real suspense.  ,0
609,There's also enough hypocrisy in this film to make me vomit.  ,0
480,The acting by the whole cast could be put on a scale and balanced perfectly between overacting and underacting.  ,0
354,"The writers were ""smack on"" and I think the best actors and actresses were a bonus to the show.These characters were so real.  ",1
258,"Overall, this movie was cheap trash.  ",0
75,"The suspense builders were good, & just cross the line from G to PG.  ",1
400,A good commentary of today's love and undoubtedly a film worth seeing.  ,1
502,Duris has a wholesome appearance and gives a fine performance.  ,1
590,I can't believe there's even a sequel to this!  ,0
99,"If you are looking for a movie with a terrific cast, some good music(including a Shirley Jones rendition of ""The Way You Look Tonight""), and an uplifting ending, give this one a try.  ",1
467,I was deeply impressed with the character he played.  ,1
247,"Yet, I enjoy watching it.  ",1
225,"And the rest of it just sits there being awful... with soldiers singing songs about the masculinity they pledge themselves to, hairsplitting about purity, the admiration of swords, etc.  ",0
935,"It never condescends, all the characters have good genuine hearts and believable problems.  ",1
693,I advise you to look out for it.  ,1
90,Definitely worth checking out.  ,1
755,Nine out of ten for a truly lovely film.  ,1
643,The cast is always entertaining as usual.  ,1
670,This is a stunning movie.  ,1
842,This movie is possibly one of the most creative works of horror ever.  ,1
107,"I love Lane, but I've never seen her in a movie this lousy.  ",0
410,A world better than 95% of the garbage in the theatres today.  ,1
896,"I felt asleep the first time I watched it, so I can recommend it for insomniacs.  ",0
661,"Special mention should be made of the superb music score and sound effects, which are an integral element in helping to make this such a memorable and enjoyable cartoon.  ",1
223,"This is a chilly, unremarkable movie about an author living/working in a chilly abstruse culture.  ",0
472,"The plot, such as it is, is so derivative and predictable that the ending is like a mercy killing.  ",0
991,Fans of the genre will be in heaven.  ,1
862,A film not easily forgotten.  ,1
404,It has northern humour and positive about the community it represents.  ,1
158,I hate movies like that.  ,0
407,I couldn't take them seriously.  ,0
355,I must say I have taped most of the episodes and i find myself watching them over and over again.  ,1
807,Editing: The editing of this film was phenomenal in my opinion.  ,1
854,"Trouble is, the writing and directing make it impossible to establish those things that make a movie watchable, like character, story, theme and so on.  ",0
620,"This is a masterful piece of film-making, with many themes simmering and occasionally boiling over in this warts and all study of the poet's bohemian, self-indulgent wartime years that span the aerial bombardments of London and the outward tranquillity of a Welsh coastal retreat - the borderlines between friendship, lust and love, dedication to art and experience versus practical concerns, jealousy, rivalry, cowardice and egotism versus heroism and self-sacrifice and more.  ",1
374,"If you see it, you should probably just leave it on the shelf.  ",0
424,This show is made for Americans - it is too stupid and full with hatred and clichés to be admitted elsewhere.  ,0
713,The success of the film depends on the casting of Sydney Greenstreet as the Alexander Yardley character.  ,1
595,"Easily, none other cartoon made me laugh in a tender way (before getting into dark sitcoms oriented for teenagers).  ",1
711,Lame would be the best way to describe it.  ,0
81,This if the first movie I've given a 10 to in years.  ,1
212,""" In fact, it's hard to remember that the part of Ray Charles is being acted, and not played by the man himself.  ",1
25,This short film certainly pulls no punches.  ,0
70,"And, quite honestly, often its not very good.  ",0
189,An excellent performance from Ms.  ,1
6,Wasted two hours.  ,0
83,"Overall, the film is interesting and thought-provoking.  ",1
471,At no point in the proceedings does it look remotely like America.  ,0
373,"I guess it was supposed to be clever twist, then shed some light on the situation, but it was just stupid.  ",0
699,") very bad performance plays Angela Bennett, a computer expert who is at home all the time.  ",0
685,"There are many continuity errors: one other user commented on different cars in the garage, Joe's glasses...the one that got to me the most was the fact Joe's facial hair configuration seemed to change from scene to scene.  ",0
133,"All in all, a great disappointment.  ",0
594,The memories are murky but I can only say that I enjoyed every single episode and product related to the show.  ,1
872,The story starts too fast with absolutely no suspense or build-up in the slightest.  ,0
7,"Saw the movie today and thought it was a good effort, good messages for kids.  ",1
339,Didn't laugh or even smile once.  ,0
182,I'll even say it again  this is torture.  ,0
119,I really liked that.  ,1
228,"When I first watched this movie, in the 80s, I loved it.  ",1
911,This is not movie-making.  ,0
972,"If you act in such a film, you should be glad that you're gonna drift away from earth as far as possible!  ",0
427,"The sets are so bad, they wouldn't look out of place on a Thunderbirds episode.  ",0
863,"But, Kevin Spacey is an excellent, verbal tsunami as Buddy Ackerman  and totally believable because he is a great actor.  ",1
62,I do think Tom Hanks is a good actor.  ,1
543,"However, after seeing the short again after about 25 years, I was amazed at how timeless the film actually is.  ",1
163,I don't think I've ever gone to a movie and disliked it as much.  ,0
123,I'd advise anyone to go and see it.  ,1
122,The music in the film is really nice too.  ,1
805,The only place good for this film is in the garbage.  ,0
273,You truly take this journey through the eyes and soul of a child.  ,1
36,This game rocks.  ,1
525,From here on the Widmark character turns unintentionally comical!  ,0
540,STEAMBOAT WILLIE is an amazingly important film to our cinema history.  ,1
130,"There was NO chemistry between Ben Affleck and Sandra Bullock in this film, and I couldn't understand why he would consider even leaving his wife-to-be for this chick that he supposedly was knocked out by.  ",0
908,This is one of the worst Sandra Bullock movie since Speed 2 But not quite that bad.  ,0
149,The only possible way this movie could be redeemed would be as MST3K fodder.  ,0
304,"his performance, as awarded, was stunning.  ",1
88,It is a true classic.  ,1
71,"Often the dialogue doesn't really follow from one line to another, or fit the surroundings.  ",0
718,"Top line: Don't waste your time and money on this one, its as bad as it comes.  ",0
328,The Malta settings are as dry and as barren as the dialogue.  ,0
416,I am a fan of his ... This movie sucked really bad.  ,0
979,It is a very well acted and done TV Movie.  ,1
142,"It is an hour and half waste of time, following a bunch of very pretty high schoolers whine and cry about life.  ",0
470,Even the squibs look awful.  ,0
753,A very charming film with wonderful sentiment and heart.  ,1
80,"I'm glad this pretentious piece of s*** didn't do as planned by the Dodge stratus Big Shots... It's gonna help movie makers who aren't in the very restrained ""movie business"" of Québec.  ",0
209,Jamie Foxx absolutely IS Ray Charles.  ,1
903,"There is, however, some pretty good acting (at least, for this type of film).  ",1
100,I don't think you will be disappointed.  ,1
341,It is a really good show to watch.  ,1
465,The only thing worse than Taylor's acting was Stanwyck's singing.  ,0
202,John Wayne did an incredible job for being so young in the movie industry.  ,1
534,but the movie makes a lot of serious mistakes.  ,0
131,There were several moments in the movie that just didn't need to be there and were excruciatingly slow moving.  ,0
436,"The soundtrack wasn't terrible, either.  ",1
577,The film's sole bright spot was Jonah Hill (who will look almost unrecognizable to fans of the recent Superbad due to the amount of weight he lost in the interim).  ,1
396,The most annoying thing about 'Cover Girl' is the way in which Rita Hayworth is put up on a pedestal.  ,0
52,It's hard not to fall head-over-heels in love with that girl.  ,1
589,"Beware: this is not a trashy cult movie, this is trash -period!  ",0
137,"IMDB ratings only go as low 1 for awful, it's time to get some negative numbers in there for cases such as these.  ",0
423,Now we were chosen to be tortured with this disgusting piece of blatant American propaganda.  ,0
968,"Hayao Miyazaki's latest and eighth film for Studio Ghibili, ""Gake No Ue No Ponyo"" (Ponyo on the Cliff by the Sea) is a wonderfully fun and imaginative look at childhood.  ",1
73,There are some generally great things in it.  ,1
476,"About 30 minutes of footage is wasted to show mediocre elderly actors awkwardly babbling overwrought pseudo-Satanic gibberish corny enough to make a teen Goth blush, almost always in Olde English, and sometimes in Latin that may or may not be made up words.  ",0
412,Not too screamy not to masculine but just right.  ,1
848,Lots of holes in the script.  ,0
518,"The casting is also horrible, cause all you see is a really really BAD Actors, period.  ",0
349,The guy who said he's had better dialogue with his potted plants has it right.  ,0
77,"If you want a movie that's not gross but gives you some chills, this is a great choice.  ",1
831,See both films if you can.  ,1
817,You will leave the theater wanting to go out and dance under the stars.  ,1
789,This is an extraordinary film.  ,1
371,The plot was the same as pretty much every other cheap horror.  ,0
698,It's a case of 'so bad it is laughable'.  ,0
257,It was so funny.  ,1
111,The directing and the cinematography aren't quite as good.  ,0
722,"It isn't even an achievement as a ""so-bad-it's-good"" or ""so-bad-it's-memorable"" movie.  ",0
772,"You learn a lot about the real inside emotions of people in this movie, and a lot about the movie business itself.  ",1
824,"Mark my words, this is one of those cult films like Evil Dead 2 or Phantasm that people will still be discovering and falling in love with 20, 30, 40 years down the line.  ",1
8,A bit predictable.  ,0
347,""" But ""Storm Trooper"" is not even bad enough to make it to the list of wonderfully terrible movies.  ",0
242,"If good intentions made a film great, then this film might be one of the greatest films ever made.  ",1
689,It's so bad it's actually worth seeing just for that reason.  ,0
365,This movie has a cutting edge to it.  ,1
507,"By the time the film ended, I not only disliked it, I despised it.  ",0
11,"The movie showed a lot of Florida at it's best, made it look very appealing.  ",1
657,"Macbeth (Jason Connery) moved me to tears with his final monolog (out brief candle, out)He gave the sphere of moral decay and dark forces a human face, which makes it the more interesting.  ",1
568,"The ""explosion"" of the Gas tanks at the end was just as awful.  ",0
825,"It's pretty surprising that this wonderful film was made in 1949, as Hollywood generally had its collective heads in the sand concerning black and white issues at that time.  ",1
422,"I just cant explain this movie more than romantic,charming,hilarious,and adorable.The junkyard scenes are funny,all the junkyard dogs have something special.Too funny i laughed,kids will LOVE it.Buy it when it comes out,it has new features!  ",1
963,"The film's dialogue is natural, real to life.  ",1
121,The movie had you on the edge of your seat and made you somewhat afraid to go to your car at the end of the night.  ,1
488,"I particularly remember my senses being assaulted by strident cords of music that would blare out with very little warning, and even less meaning.  ",0
398,Non-linear narration thus many flashbacks and every part are articulated quite well.  ,1
420,It just blew.  ,0
312,This is such a fun and funny movie.  ,1
550,I don't think there are any redeeming qualities in this remake.  ,0
922,I've seen soap operas more intelligent than this movie.  ,0
641,It's a campy sort of film that's a joy to watch.  ,1
84,"Plus, it was well-paced and suited its relatively short run time.  ",1
409,Vivian Schilling did an excellent job with the script.  ,1
613,Go watch it!  ,1
553,"This movie is a solid example of a bad plot and a very, very bad idea all the way.  ",0
368,I felt as though her going to Ireland did absolutely nothing whatsoever.  ,0
40,"The very idea of it was lame - take a minor character from a mediocre PG-13 film, and make a complete non-sequel while changing its tone to a PG-rated family movie.  ",0
907,Hated it.  ,0
786,I love the Scream movies and all horror movies and this one ranks way up there.  ,1
457,If only someone involved with it knew how to string together narrative!  ,0
634,"He really didn't seem to want to be hosting; his voice-overs were monotonous, didn't get involved with the guests.  ",0
125,10/10  ,1
989,":) Anyway, the plot flowed smoothly and the male-bonding scenes were a hoot.  ",1
154,"Again, no plot at all.  ",0
236,"The worst, sappiest dialogue... I could go on and on.  ",0
597,Every single character was hilarious and deserved to be called a lead.  ,1
920,The story line is totally predictable.  ,0
537,"putting the race card aside, lets look at the major flaw in the film: they destroy latifa's character.  ",0
254,The concert sequences just sucked.  ,0
135,I could not stand to even watch it for very long for fear of losing I.Q.  ,0
836,Lot of holes in the plot: there's nothing about how he became the emperor; nothing about where he spend 20 years between his childhood and mature age.  ,0
899,"Director Neil LaBute uses brutal violence to seperate dreams from reality, and along with the touching drama, and hilarious comedy, you can never tell what is going to happen next.  ",1
955,The movie seemed a little slow at first.  ,0
992,Lange had become a great actress.  ,1
808,"When a song could explain the emotions of the subjects better, such as when Jay Adams' unfortunate life was a subject of talk, the song Old Man by Neil Young was played, which evokes many emotions.  ",1
775,You won't forget this movie!  ,1
271,Up there with the best of Melville.  ,1
767,"I am so tired of clichés that is just lazy writing, and here they come in thick and fast.  ",0
186,"If this premise sound stupid, that's because it is.  ",0
116,And generally the lines and plot is weaker than the average episode.  ,0
498,"Initially the local sites in the film, which was filmed here in Buffalo, intrigued me.  ",1
529,(very serious spoilers) this movie was a huge disappointment.  ,0
704,DELETE this film from your mind!  ,0
882,"The acting sucks, the music sucks, the script sucks, the pacing sucks, the special FX suck, the directing sucks... basically, this movie sucks.  ",0
21,"In other words, the content level of this film is enough to easily fill a dozen other films.  ",1
874,What the hell kind of crap is that?!  ,0
327,Which has more depth and character than the man underneath it.  ,0
63,I enjoyed reading this book to my children when they were little.  ,1
625,"Regardless, the film fails on most levels.  ",0
889,"I don't know what happened in Season Five, what a mess.  ",0
783,But the duet between the astronaut and his doctor at the beginning of the movie is a perfect exchange if one considers that this movie was made well into the Cold War and the astronaut's biggest fear is that he has crashed in the USSR.  ,1
302,I literally vomited while watching this film.  ,0
438,"Still, it was the SETS that got a big ""10"" on my ""oy-vey"" scale.  ",1
45,"His co-stars don't fare much better, with people like Morgan Freeman, Jonah Hill, and Ed Helms just wasted.  ",0
4,The best scene in the movie was when Gerardo is trying to find a song that keeps running through his head.  ,1
700,"It is a film about nothing, just a pretext to show ridiculous action scenes.  ",0
118,"Some applause should be given to the ""prelude"" however.  ",1
679,The aerial scenes were well-done.  ,1
298,"I have to mention this and it is a huge SPOILER, i loved the ending, how all the characters of the three films were the remaining survivors of the ferry disaster, with Valentine and the young judge together, and the old man watching it on her TV, solidifying his happiness over the suffering which he dealt with for those many years.  ",1
190,"Garbo, who showed right off the bat that her talents could carry over from the silent era (I wanted to see some of her silent work, but Netflix doesn't seem to be stocking them.  ",1
521,Watching washing machine twirling around wouldn't hurt your eyes as much as this show.  ,0
387,"I highly recommend this movie for anyone interested in art, poetry, theater, politics, or Japanese history.  ",1
857,"In short, don't bother with this movie.  ",0
22,How can anyone in their right mind ask for anything more from a movie than this?  ,1
9,Loved the casting of Jimmy Buffet as the science teacher.  ,1
493,See it.  ,1
491,"This movie creates its own universe, and is fascinating in every way.  ",1
334,In particular the relationship between the bakery assistant and the waitress just didn't work for me at all.  ,0
747,"Aailiyah was pretty good as Akasha, in places compelling (her first entrance and mini dance scene).  ",1
393,Having to humour him just to get by and get through the day was so apt.  ,1
453,Not even good for camp value!  ,0
214,"Ray Charles' life provided excellent biographical material for the film, which goes well beyond being just another movie about a musician.  ",1
681,"The film gives meaning to the phrase, ""Never in the history of human conflict has so much been owed by so many to so few.  ",1
255,That was nice.  ,1
129,"However, this didn't make up for the fact that overall, this was a tremendously boring movie.  ",0
915,I didn't realize how wonderful the short really is until the last two scenes.  ,1
523,20th Century Fox's ROAD HOUSE 1948) is not only quite a silly noir but is an implausible unmitigated bore of a movie.  ,0
964,"The writer, Gorman Bechard, undoubtedly did his homework because all references are industry and character-age appropriate.  ",1
251,The cinematography-if it can be called that-sucked.  ,0
640,"But it is entertaining, nonetheless.  ",1
757,This is one of the best Italian thrillers of the early 70's.  ,1
47,"The only real effects work is the presence of all the animals, and the integration of those into the scenes is some of the worst and most obvious blue/green-screen work I've ever seen.  ",0
552,So bad...well...it's just bad.  ,0
91,The problem was the script.  ,0
272,Everything about this film is simply incredible.  ,1
946,Brilliance indeed.  ,1
627,"I saw this film over Christmas, and what a great film it was!  ",1
930,I rate this movie 9/10.  ,1
974,If you haven't choked in your own vomit by the end (by all the cheap drama and worthless dialogue) you've must have bored yourself to death with this waste of time.  ,0
362,Everything from acting to cinematography was solid.  ,1
481,"And, FINALLY, after all that, we get to an ending that would've been great had it been handled by competent people and not Jerry Falwell.  ",0
319,And I really did find them funny.  ,1
804,The attempts at humor were pitiful and story is so awful it dosen't bear thinking about which basically involves a Vulcan stealing the Enterprise to find god (seriously) I just didn't care about any of this film and oh not to mention Uhura does a belly dance to distract male guards.  ,0
572,Not recommended.  ,0
945,"It's the one movie that never ceases to interest me, simply because it keeps me alert, as I try to attempt to decipher it's meanings.  ",1
691,"Shot in the Southern California desert using his patent faux documentary style, Watkins creates a film like no other.  ",1
985,Still it's quite interesting and entertaining to follow.  ,1
356,Now you know why I gave it a 10+!  ,1
611,I believe that Pitch Black was done well.  ,1
939,The scenery that the two daughters paint and photograph are beautiful.  ,1
403,It's a feel-good film and that's how I felt when I came out of the cinema!  ,1
535,"first of all, there are enough racial stereotypes and racial jokes to offend everyone.  ",0
20,I can think of no other film where something vitally important occurs every other minute.  ,1
197,This movie is BAD.  ,0
380,All this movie does is make you sick watching all these slackers make excuses for their stupid actions for 90 minutes.  ,0
980,Judith Light is one of my favorite actresses and I think she does a superb job in this film!  ,1
938,This movie is great--especially if you enjoy visual arts.  ,1
724,"Seriously, it's not worth wasting your, or your kid's time on.  ",0
708,Never heard of any of them except Cole who was totally unbelievable in the part.  ,0
3,Very little music or anything to speak of.  ,0
539,i wouldnt see this movie again for free.  ,0
181,"Utterly without merit on any level, this is akin to torture.  ",0
50,"I'm glad the film didn't go for the most obvious choice, as a lesser film certainly would have.  ",1
276,I thoroughly enjoyed it when Christopher Eccleston took control of the TARDIS and the continuation of the series.  ,1
913,"So I am here to warn you--DO NOT RENT THIS MOVIE, it is the dumbest thing you have never seen!  ",0
282,Here's where the movie really pi**ed me off.  ,0
663,Also notable is John Bailey's fine crisp beautifully colored cinematography and the great production design & costumes by Eiko Ishioka who went on to do the memorable costumes for Coppola's Dracula for which she received a well deserved Oscar.  ,1
200,This is definitely one of the bad ones.  ,0
377,"I really loved the story line and the poler bear was kinda cute.But if anyone has a question about Fort Steele, just ask away:)  ",1
745,"Despite the pans of reviewers, I liked this movie.  ",1
194,But other than that the movie seemed to drag and the heroes didn't really work for their freedom.  ,0
343,Barney is definitely super DE duper.  ,1
203,His on screen presence shined thought even though there were other senior actors on the screen with him.  ,1
520,It is zillion times away from reality.  ,0
224,The flat reenactments don't hold your attention because they are emotionally adrift and stagy.  ,0
510,"Things happen, characters personalities change, plot twists occur for no real reason other than that script calls for it.  ",0
411,Her role was played well.  ,1
385,The stories were powerful explorations of the nature of man and of art.  ,1
547,"I'm terribly disappointed that this film would receive so many awards and accolades, especially when there are far more deserving works of film out there.  ",0
806,The worst one of the series.  ,0
859,"The best scene in the movie is at the end, but I won't spoil it.  ",1
353,I would give this television series a 10 plus if i could.  ,1
628,I thought Errol Flynn was brilliant as Custer and has since become my favourite actor!  ,1
28,It deserves strong love.  ,1
826,"The film deserves strong kudos for taking this stand, for having exceptional acting from its mostly lesser-known cast and for the super-intelligent script that doesn't insult the audience or take the easy way out when it comes to white racism.  ",1
988,It was a riot to see Hugo Weaving play a sex-obsessed gay real estate salesman who uses his clients' houses for his trysts with the flaming Darren (Tom Hollander).  ,1
249,"Bad script, bad direction and horrible acting make this one plain bad!  ",0
958,I enjoyed it.  ,1
295,"His use of the colours of the French flag in the three films was nothing short of incredible, every shot, every scene was like a work of art.  ",1
408,It really created a unique feeling though.  ,1
195,But this movie is definitely a below average rent.  ,0
268,"It ranks highly as a great noir-crime-drama, incredible performances by Belmondo and Lino Ventura.  ",1
703,"The results, well, are a shame.  ",0
482,"I loved this movie it was a great portrayal of a family who had it's share of ups and down, but in the end they knew that special love they had for each other.  ",1
588,"Even when the women finally show up, there is no sign of improvement; the most expected things happen and by the time the film is over, you might be far asleep.  ",0
283,And don't even get me started on the jerky camerawork.  ,0
159,"Yeah, the movie pretty much sucked.  ",0
114,The directing seems too pretentious.  ,0
359,The things that the four kids get themselves into is absolutely hilarious to watch.  ,1
758,A standout scene.  ,1
160,THERE IS NO PLOT OR STORYLINE!!  ,0
437,"But the acting--even that of such professionals as Drago and Debbie Rochon--was terrible, the directing worse (perhaps contributory to the former), the dialog chimp-like, and the camera work, barely tolerable.  ",0
515,Everything about it is just bad.  ,0
144,This is definitely a cult classic well worth viewing and sharing with others.  ,1
978,"Then I watched it again two Sundays ago (March 20th, 2005) and I began to really enjoy it and this time I taped the entire thing.  ",1
947,"But if you liked movies like The Matrix (and better yet, their sequels) I think you'll appreciate the thought provoking, mindblowing experience this film will give you.  ",1
210,His performance is simply genius.  ,1
707,"The fat computer geek was unbelievable, the bible thumper, the bad-ass girl, who are these actors???  ",0
26,Graphics is far from the best part of the game.  ,0
819,"The characters are fleshed out surprisingly well, particularly Grimes and Blake, and all the actors deliver their sharply scripted lines with just the right amount of deadpan tongue in cheek to make the dialogue both hilarious and realistic.  ",1
737,The movie has almost no action scenes in it and very little comedy.  ,0
616,My rating: just 3 out of 10.  ,0
499,Later I found myself lost in the power of the film.  ,1
766,And it was boring.  ,0
150,I paid too much.  ,0
931,"I do not know if this was Emilio Estevez's directorial debut, but the pacing, the interplay and development of the characters as well as some clever camera work surrounding the character Estevez plays all suggest a natural eye.  ",1
51,"In addition to having one of the most lovely songs ever written, French Cancan also boasts one of the cutest leading ladies ever to grace the screen.  ",1
904,I'm so sorry but I really can't recommend it to anyone.  ,0
730,") some great music, and terrific scenery.  ",1
719,"A Lassie movie which should have been ""put to sleep"".... FOREVER.  ",0
970,Enough can not be said of the remarkable animation in this film.  ,1
429,"Oh yeah, and the storyline was pathetic too.  ",0
23,"It's quite simply the highest, most superlative form of cinema imaginable.  ",1
651,"The acting is fantastic, the stories are seamlessly woven together, and the dogs are splendid............. A must rent, view, or see.  ",1
405,I rather enjoyed it.  ,1
432,In short - this was a monumental waste of time and energy and I would not recommend anyone to EVER see this film.  ,0
340,But it wasn't anything at all just one big yawn...  ,0
227,"Schrader has made a resume full of lousy, amateurish films.  ",0
389,") What makes this story different are the terrific production values - faultless photography, composition and editing - the terrific casting - the underappreciated Brian Keith playing a bully Teddy - and vivid history.  ",1
152,It was so BORING!  ,0
280,"It was forced, like everything in this movie.  ",0
855,"Worse, there's an incredibly weak sub-plot thrown in that follows a little band of latter-day Mansonites as they go after a reporter who's working on a story on the anniversary of the killings.  ",0
199,The film is way too long.  ,0
690,Punishment Park is a brilliant piece of cinema.  ,1
774,Also the music by Mark Snow is possibly the best score I've ever heard.  ,1
248,"Unfortunately, this is a bad movie that is just plain bad.  ",0
619,Don't miss it.  ,1
926,"Funny, clever, hip - just like Pray's previous film, Hype!  ",1
504,Cinematography noteworthy including fine views of Barcelona and its famed Gaudi towers.  ,1
124,Brilliant!  ,1
352,It is shameful.  ,0
967,Definitely worth seeing it's the sort of thought provoking film that forces you to question your own threshold of loneliness.  ,1
350,Everything about this movie is stupid.  ,0
56,"Excellent cast, story line, performances.  ",1
593,"But ""Tiny Toons"" kept the 90's vibe and delivered one of the most popular, funny, and underrated cartoons ever created.  ",1
512,"For that, it's worth checking out.  ",1
72,"It crackles with an unpredictable, youthful energy - but honestly, i found it hard to follow and concentrate on it meanders so badly.  ",0
213,Ray Charles is legendary.  ,1
165,NOBODY identifies with these characters because they're all cardboard cutouts and stereotypes (or predictably reverse-stereotypes).  ,0
250,The dialogue sucked.  ,0
738,The plot has more holes than a pair of fishnet stockings and the direction and editing is astonishingly ham fisted.  ,0
705,One of the worst shows of all time.  ,0
401,"For people who are first timers in film making, I think they did an excellent job!!  ",1
174,This film has no redeeming features.  ,0
998,Exceptionally bad!  ,0
265,"All things considered, a job very well done.  ",1
513,This is probably the most irritating show I have ever seen in my entire life.  ,0
335,It was a very superficial movie and it gave me the feeling that I was watching play rather than a film.  ,0
591,Which is precisely why I am giving it such a bad review!  ,0
823,I struggle to find anything bad to say about it.  ,1
639,Excellently produced by one of Sci-fi's best producers Scot Vandiver !  ,1
918,"I agree with Jessica, this movie is pretty bad.  ",0
101,"Frankly, after Cotton club and Unfaithful, it was kind of embarrassing to watch Lane and Gere in this film, because it is BAD.  ",0
792,"The film is well paced, understated and one of the best courtroom documentaries I've seen.  ",1
799,"How this piece of trash was ever released is beyond me: the acting, the story, the characters, the supposedly special effects, etc...it's ALL wrong.  ",0
379,Lucy Bell is so much higher than this crap and for her to sink this low is quite depressing.  ,0
784,This movie is so awesome!  ,1
820,"Angus Scrimm also turns in a good performance in a somewhat brief but memorable role as the gently menacing, violin-playing anatomist Doctor Quinn.  ",1
487,"Lifetime does not air it enough, so if anyone knows what store sells it let me know because this is a must-have.  ",1
527,And if that isn't enough of a mess of a movie for you - the picture is also marred with a constant use of studio sets and indoor exteriors.  ,0
496,This movie is a good and humorous comment on life in 2006.  ,1
798,"It is wonderful and inspiring to watch, and I hope that it gets released again on to video or DVD.  ",1
279,There is a lot of beautiful places.  ,1
742,"A very good film indeed, about great and unconditional love.  ",1
561,The movie is terribly boring in places.  ,0
64,I was very disappointed in the movie.  ,0
495,"And I forgot: The Casting here i superb, with Trond Fausa Aurvåg being perfect in the role as the Bothersome Man, who doesn't understand where he is, what he is doing and why.  ",1
869,"At around 4 pm I bought it, at around 8pm I started to watch, at around 8.15pm I fast forwarded the remaining film to see if there was anything left watchable for a human being with a brain... but there wasn't.  ",0
331,"For those that haven't seen it, don't waste your time!  ",0
781,The Foreigner is not worth one second of your time.  ,0
981,I keep watching it over and over.  ,1
743,"Tom Wilkinson's character is a man who is not prepared for the ordeal that is about to begin, but he takes the matter in hand as the story progresses, and this great actor gives a performance that makes you feel the character's anguish and suffering.  ",1
645,"This movie is so mind-bendingly awful, it couldn't have even been created.  ",0
966,"Each track commands sentiment, actually contributing to the scenes and characters.  ",1
538,there is no real plot.  ,0
881,I was bored throughout the whole damn thing.  ,0
501,"I left the theater with a lilt in my step, joy in my heart and hope for the human race.  ",1
500,The entire audience applauded at the conclusion of the film.  ,1
843,"It has everything you could want... suspense, drama, comedy, confusing subplots, native americans, brain eating... If you're looking for the be-all, end-all of brainsucking movies, look no further.  ",1
184,Not a pleasant voyage of self-discovery.  ,0
656,"Very true to Shakespear, and a 'must' for all Shakespear fans.  ",1
115,"The scenes with the ""oh-so-mature"" neighbour-girl are a misplace.  ",0
810,"Of course the footage from the 70s was grainy, but that only enhanced the film.  ",1
803,"The acting from all involved and that includes those like Shatner and Nimoy is bad and washed out and making them seem as old as they look in real life, the special effects are tacky like when Spock has to rescue Kirk on a jet pack when he falls down from a mountain.  ",0
660,"This is a witty and delightful adaptation of the Dr Seuss book, brilliantly animated by UPA's finest and thoroughly deserving of its Academy Award.  ",1
211,"He owns the film, just as Spacek owned ""Coal Miner's Daughter"" and Quaid owned ""Great Balls of Fire.  ",1
460,"I know he was a contract player with little control over his scripts, but the acting was as bad as the script.  ",0
300,"I recommend this for EVERYONE who loves film, movies, anything...A Work of Art!  ",1
870,"Either way, it sucks.  ",0
671,Raw and sublimely moving.  ,1
769,"It's a fresh, subtle, and rather sublime effect.  ",1
914,I saw this short film on HBO the other day and absolutely loved it.  ,1
712,"Stanwyck and Morgan are perfectly cast in what is, in many ways, a modern equivalent of Dickens' Christmas Carol in its sensibility.  ",1
61,All in all I give this one a resounding 9 out of 10.  ,1
814,You share General Loewenhielm's exquisite joy in his partaking of the Cailles en Sarcophage even though you are just watching a movie - but you do wish for just a small sample to savor.  ,1
835,It's very slow.  ,0
709,"Every time he opened his mouth you expect to hear, ""you see kids..."" Pulling the plug was a mercy killing for this horrible show.  ",0
950,Both Rickman and Stowe play their roles to the hilt in this tale of a childrens' book writer who-- maybe?-- has written a subversive tract.  ,1
726,It will drive you barking mad!  ,0
943,Go rent it.  ,1
790,"As a courtroom drama, it's compelling, as an indictment on the American justice system, it's frightening.  ",1
260,I came out of it feeling angry.  ,0
146,The fish is badly made and some of its underwater shots are repeated a thousand times in the film.  ,0
773,"The movie in movie situations in the beginning and through the game that is played with her by the ""acting coach"" are fascinating.  ",1
392,"I think it was Robert Ryans best film, because he portrayed someone like my father, and he was a schizophrenic in real life,(my father) although he never murdered anyone but was affected more so during the second world war which made him worse.  ",1
